-- phpMyAdmin SQL Dump
-- version 5.1.1
-- https://www.phpmyadmin.net/
--
-- Host: 127.0.0.1
-- Generation Time: Aug 17, 2022 at 07:24 AM
-- Server version: 10.4.22-MariaDB
-- PHP Version: 8.1.2

SET SQL_MODE = "NO_AUTO_VALUE_ON_ZERO";
START TRANSACTION;
SET time_zone = "+00:00";


/*!40101 SET @OLD_CHARACTER_SET_CLIENT=@@CHARACTER_SET_CLIENT */;
/*!40101 SET @OLD_CHARACTER_SET_RESULTS=@@CHARACTER_SET_RESULTS */;
/*!40101 SET @OLD_COLLATION_CONNECTION=@@COLLATION_CONNECTION */;
/*!40101 SET NAMES utf8mb4 */;

--
-- Database: `project`
--

-- --------------------------------------------------------

--
-- Table structure for table `bottomstates`
--

CREATE TABLE `bottomstates` (
  `state` varchar(27) DEFAULT NULL,
  `Bottomstate` float DEFAULT NULL
) ENGINE=InnoDB DEFAULT CHARSET=utf8mb4;

--
-- Dumping data for table `bottomstates`
--

INSERT INTO `bottomstates` (`state`, `Bottomstate`) VALUES
('Kerala', 94),
('Lakshadweep', 92),
('Mizoram', 89),
('Goa', 89),
('Delhi', 87),
('Puducherry', 87),
('Tripura', 87),
('Chandigarh', 86),
('Daman and Diu', 86),
('Andaman And Nicobar Islands', 84),
('Himachal Pradesh', 82),
('Maharashtra', 81),
('Sikkim', 80),
('Uttarakhand', 80),
('Tamil Nadu', 79),
('Nagaland', 78),
('Dadra and Nagar Haveli', 76),
('Gujarat', 76),
('Manipur', 76),
('Punjab', 75),
('Haryana', 75),
('West Bengal', 75),
('Karnataka', 74),
('Meghalaya', 73),
('Assam', 72),
('Orissa', 71),
('Madhya Pradesh', 68),
('Uttar Pradesh', 68),
('Andhra Pradesh', 66),
('Chhattisgarh', 66),
('Jharkhand', 65),
('Rajasthan', 65),
('Jammu and Kashmir', 65),
('Arunachal Pradesh', 64),
('Bihar', 62);

-- --------------------------------------------------------

--
-- Table structure for table `data1`
--

CREATE TABLE `data1` (
  `District` varchar(27) DEFAULT NULL,
  `State` varchar(27) DEFAULT NULL,
  `Growth` decimal(6,4) DEFAULT NULL,
  `Sex_Ratio` int(4) DEFAULT NULL,
  `Literacy` decimal(4,2) DEFAULT NULL
) ENGINE=InnoDB DEFAULT CHARSET=utf8;

--
-- Dumping data for table `data1`
--

INSERT INTO `data1` (`District`, `State`, `Growth`, `Sex_Ratio`, `Literacy`) VALUES
('Thane', 'Maharashtra', '0.3601', 886, '84.53'),
('North Twenty Four Parganas', 'West Bengal', '0.1204', 955, '84.06'),
('Bangalore', 'Karnataka', '0.4718', 916, '87.67'),
('Pune', 'Maharashtra', '0.3037', 915, '86.15'),
('Mumbai Suburban', 'Maharashtra', '0.0829', 860, '89.91'),
('South Twenty Four Parganas', 'West Bengal', '0.1817', 956, '77.51'),
('Barddhaman', 'West Bengal', '0.1192', 945, '76.21'),
('Ahmadabad', 'Gujarat', '0.2403', 904, '85.31'),
('Murshidabad', 'West Bengal', '0.2109', 958, '66.59'),
('Jaipur', 'Rajasthan', '0.2619', 910, '75.51'),
('Nashik', 'Maharashtra', '0.2230', 934, '82.31'),
('Surat', 'Gujarat', '0.4224', 787, '85.53'),
('Allahabad', 'Uttar Pradesh', '0.2063', 901, '72.32'),
('Paschim Medinipur', 'West Bengal', '0.1386', 966, '78.00'),
('Patna', 'Bihar', '0.2373', 897, '70.68'),
('Hugli', 'West Bengal', '0.0946', 961, '81.80'),
('Rangareddy', 'Andhra Pradesh', '0.4816', 961, '75.87'),
('Nadia', 'West Bengal', '0.1222', 947, '74.97'),
('East Godavari', 'Andhra Pradesh', '0.0516', 1006, '70.99'),
('Purbi Champaran', 'Bihar', '0.2943', 902, '55.79'),
('Purba Medinipur', 'West Bengal', '0.1536', 938, '87.02'),
('Guntur', 'Andhra Pradesh', '0.0947', 1003, '67.40'),
('Haora', 'West Bengal', '0.1350', 939, '83.31'),
('Muzaffarpur', 'Bihar', '0.2814', 900, '63.43'),
('Belgaum', 'Karnataka', '0.1341', 973, '73.48'),
('Moradabad', 'Uttar Pradesh', '0.2522', 906, '56.77'),
('Ghaziabad', 'Uttar Pradesh', '0.4227', 881, '78.07'),
('Nagpur', 'Maharashtra', '0.1440', 951, '88.39'),
('Chennai', 'Tamil Nadu', '0.0698', 989, '90.18'),
('Azamgarh', 'Uttar Pradesh', '0.1711', 1019, '70.93'),
('Lucknow', 'Uttar Pradesh', '0.2582', 917, '77.29'),
('Kanpur Nagar', 'Uttar Pradesh', '0.0992', 862, '79.65'),
('Ahmadnagar', 'Maharashtra', '0.1244', 939, '79.05'),
('Krishna', 'Andhra Pradesh', '0.0787', 992, '73.74'),
('Kolkata', 'West Bengal', '-0.0167', 908, '86.31'),
('Jaunpur', 'Uttar Pradesh', '0.1489', 1024, '71.55'),
('Madhubani', 'Bihar', '0.2551', 926, '58.62'),
('Sitapur', 'Uttar Pradesh', '0.2388', 888, '61.12'),
('Bareilly', 'Uttar Pradesh', '0.2293', 887, '58.49'),
('Gorakhpur', 'Uttar Pradesh', '0.1781', 950, '70.83'),
('Agra', 'Uttar Pradesh', '0.2205', 868, '71.58'),
('Gaya', 'Bihar', '0.2643', 937, '63.67'),
('Solapur', 'Maharashtra', '0.1216', 938, '77.02'),
('Visakhapatnam', 'Andhra Pradesh', '0.1196', 1006, '66.91'),
('Samastipur', 'Bihar', '0.2553', 911, '61.86'),
('Jalgaon', 'Maharashtra', '0.1486', 925, '78.20'),
('Chittoor', 'Andhra Pradesh', '0.1143', 997, '71.53'),
('Vadodara', 'Gujarat', '0.1438', 934, '78.92'),
('Muzaffarnagar', 'Uttar Pradesh', '0.1694', 889, '69.12'),
('Malappuram', 'Kerala', '0.1345', 1098, '93.57'),
('Hardoi', 'Uttar Pradesh', '0.2044', 868, '64.57'),
('Anantapur', 'Andhra Pradesh', '0.1210', 977, '63.57'),
('Raipur', 'Chhattisgarh', '0.3470', 984, '75.56'),
('Kurnool', 'Andhra Pradesh', '0.1485', 988, '59.97'),
('Mahbubnagar', 'Andhra Pradesh', '0.1534', 977, '55.04'),
('Kheri', 'Uttar Pradesh', '0.2538', 894, '60.56'),
('Kancheepuram', 'Tamil Nadu', '0.3895', 986, '84.49'),
('Maldah', 'West Bengal', '0.2122', 944, '61.73'),
('Saran', 'Bihar', '0.2164', 954, '65.96'),
('Hyderabad', 'Andhra Pradesh', '0.0297', 954, '83.25'),
('Darbhanga', 'Bihar', '0.1947', 911, '56.56'),
('West Godavari', 'Andhra Pradesh', '0.0351', 1004, '74.63'),
('Vellore', 'Tamil Nadu', '0.1320', 1007, '79.17'),
('Pashchim Champaran', 'Bihar', '0.2929', 909, '55.70'),
('Kolhapur', 'Maharashtra', '0.1001', 957, '81.51'),
('Jalpaiguri', 'West Bengal', '0.1387', 953, '73.25'),
('Rajkot', 'Gujarat', '0.2002', 927, '80.96'),
('Sultanpur', 'Uttar Pradesh', '0.1811', 983, '69.27'),
('Karimnagar', 'Andhra Pradesh', '0.0815', 1008, '64.15'),
('Thiruvallur', 'Tamil Nadu', '0.3533', 987, '84.03'),
('Aurangabad', 'Maharashtra', '0.2776', 923, '79.02'),
('Jodhpur', 'Rajasthan', '0.2774', 916, '65.94'),
('Bijnor', 'Uttar Pradesh', '0.1760', 917, '68.48'),
('Budaun', 'Uttar Pradesh', '0.1995', 871, '51.29'),
('Varanasi', 'Uttar Pradesh', '0.1715', 913, '75.60'),
('Alwar', 'Rajasthan', '0.2278', 895, '70.72'),
('Aligarh', 'Uttar Pradesh', '0.2278', 882, '67.52'),
('North West Delhi', 'Delhi', '0.2781', 865, '84.45'),
('Ghazipur', 'Uttar Pradesh', '0.1918', 952, '71.78'),
('Bankura', 'West Bengal', '0.1265', 957, '70.26'),
('Kushinagar', 'Uttar Pradesh', '0.2320', 961, '65.25'),
('Ganjam', 'Orissa', '0.1166', 983, '71.09'),
('Warangal', 'Andhra Pradesh', '0.0821', 997, '65.11'),
('Birbhum', 'West Bengal', '0.1615', 956, '70.68'),
('Bulandshahar', 'Uttar Pradesh', '0.2012', 896, '68.88'),
('Ludhiana', 'Punjab', '0.1536', 873, '82.20'),
('Vaishali', 'Bihar', '0.2857', 895, '66.60'),
('Nalgonda', 'Andhra Pradesh', '0.0741', 983, '64.20'),
('Bahraich', 'Uttar Pradesh', '0.4648', 892, '49.36'),
('Salem', 'Tamil Nadu', '0.1544', 954, '72.86'),
('Saharanpur', 'Uttar Pradesh', '0.1966', 890, '70.49'),
('Viluppuram', 'Tamil Nadu', '0.1684', 987, '71.88'),
('Coimbatore', 'Tamil Nadu', '0.1856', 1000, '83.98'),
('Meerut', 'Uttar Pradesh', '0.1489', 886, '72.84'),
('Gonda', 'Uttar Pradesh', '0.2417', 921, '58.71'),
('Sitamarhi', 'Bihar', '0.2762', 899, '52.05'),
('Rae Bareli', 'Uttar Pradesh', '0.1856', 943, '67.25'),
('Prakasam', 'Andhra Pradesh', '0.1105', 981, '63.08'),
('Nanded', 'Maharashtra', '0.1686', 943, '75.45'),
('Durg', 'Chhattisgarh', '0.1898', 988, '79.06'),
('Siwan', 'Bihar', '0.2270', 988, '69.45'),
('Nagaur', 'Rajasthan', '0.1920', 950, '62.80'),
('Thiruvananthapuram', 'Kerala', '0.0207', 1087, '93.02'),
('Ernakulam', 'Kerala', '0.0569', 1027, '95.89'),
('Indore', 'Madhya Pradesh', '0.3288', 928, '80.87'),
('Purnia', 'Bihar', '0.2833', 921, '51.08'),
('Barabanki', 'Uttar Pradesh', '0.2196', 910, '61.75'),
('Ballia', 'Uttar Pradesh', '0.1731', 937, '70.94'),
('Pratapgarh', 'Uttar Pradesh', '0.1750', 998, '70.09'),
('Thrissur', 'Kerala', '0.0494', 1108, '95.08'),
('Banaskantha', 'Gujarat', '0.2461', 938, '65.32'),
('Unnao', 'Uttar Pradesh', '0.1511', 907, '66.37'),
('Deoria', 'Uttar Pradesh', '0.1431', 1017, '71.13'),
('Kozhikode', 'Kerala', '0.0720', 1098, '95.08'),
('Mumbai City', 'Maharashtra', '-0.0757', 832, '89.21'),
('Tirunelveli', 'Tamil Nadu', '0.1297', 1023, '82.50'),
('Katihar', 'Bihar', '0.2835', 919, '52.24'),
('Udaipur', 'Rajasthan', '0.2369', 958, '61.82'),
('Madurai', 'Tamil Nadu', '0.1784', 990, '83.45'),
('Bhagalpur', 'Bihar', '0.2536', 880, '63.14'),
('Medak', 'Andhra Pradesh', '0.1360', 992, '61.42'),
('Uttar Dinajpur', 'West Bengal', '0.2315', 939, '59.07'),
('Shahjahanpur', 'Uttar Pradesh', '0.1800', 872, '59.54'),
('Satara', 'Maharashtra', '0.0693', 988, '82.87'),
('Mysore', 'Karnataka', '0.1363', 985, '72.79'),
('Begusarai', 'Bihar', '0.2644', 895, '63.87'),
('Sri Potti Sriramulu Nellore', 'Andhra Pradesh', '0.1105', 985, '68.90'),
('Rohtas', 'Bihar', '0.2078', 918, '73.37'),
('Puruliya', 'West Bengal', '0.1552', 957, '64.48'),
('Ranchi', 'Jharkhand', '0.2398', 949, '76.06'),
('Amravati', 'Maharashtra', '0.1079', 951, '87.38'),
('YSR', 'Andhra Pradesh', '0.1079', 985, '67.30'),
('Bhavnagar', 'Gujarat', '0.1663', 933, '75.52'),
('Nalanda', 'Bihar', '0.2139', 922, '64.43'),
('Nagaon', 'Assam', '0.2200', 962, '72.37'),
('Sangli', 'Maharashtra', '0.0924', 966, '81.48'),
('Koch Bihar', 'West Bengal', '0.1371', 942, '74.78'),
('Araria', 'Bihar', '0.3025', 921, '53.53'),
('Palakkad', 'Kerala', '0.0735', 1067, '89.31'),
('Khammam', 'Andhra Pradesh', '0.0847', 1011, '64.81'),
('Yavatmal', 'Maharashtra', '0.1278', 952, '82.82'),
('Junagadh', 'Gujarat', '0.1205', 953, '75.80'),
('Adilabad', 'Andhra Pradesh', '0.1018', 1001, '61.01'),
('South Delhi', 'Delhi', '0.2051', 862, '86.57'),
('Bhojpur', 'Bihar', '0.2163', 907, '70.47'),
('Tiruchirappalli', 'Tamil Nadu', '0.1257', 1013, '83.23'),
('Srikakulam', 'Andhra Pradesh', '0.0652', 1015, '61.74'),
('Maharajganj', 'Uttar Pradesh', '0.2350', 943, '62.76'),
('Dhanbad', 'Jharkhand', '0.1199', 909, '74.52'),
('Tumkur', 'Karnataka', '0.0365', 984, '75.14'),
('Sikar', 'Rajasthan', '0.1703', 947, '71.91'),
('Bilaspur', 'Chhattisgarh', '0.3329', 971, '70.78'),
('Kollam', 'Kerala', '0.0194', 1113, '94.09'),
('Raigarh', 'Maharashtra', '0.1931', 959, '83.14'),
('Fatehpur', 'Uttar Pradesh', '0.1405', 901, '67.43'),
('Cuttack', 'Orissa', '0.1210', 940, '85.50'),
('Cuddalore', 'Tamil Nadu', '0.1402', 987, '78.04'),
('Barmer', 'Rajasthan', '0.3252', 902, '56.53'),
('Buldana', 'Maharashtra', '0.1585', 934, '83.40'),
('Bid', 'Maharashtra', '0.1961', 916, '76.99'),
('Ajmer', 'Rajasthan', '0.1840', 951, '69.33'),
('Gulbarga', 'Karnataka', '0.1801', 971, '64.85'),
('Gopalganj', 'Bihar', '0.1902', 1021, '65.47'),
('Siddharth Nagar', 'Uttar Pradesh', '0.2545', 976, '59.25'),
('Nizamabad', 'Andhra Pradesh', '0.0877', 1040, '61.25'),
('Bharatpur', 'Rajasthan', '0.2129', 880, '70.11'),
('Mathura', 'Uttar Pradesh', '0.2278', 863, '70.36'),
('West Delhi', 'Delhi', '0.1946', 875, '86.98'),
('Aurangabad', 'Bihar', '0.2618', 926, '70.32'),
('Kannur', 'Kerala', '0.0473', 1136, '95.10'),
('Mayurbhanj', 'Orissa', '0.1333', 1006, '63.17'),
('Firozabad', 'Uttar Pradesh', '0.2169', 875, '71.92'),
('Mirzapur', 'Uttar Pradesh', '0.1800', 903, '68.48'),
('Amritsar', 'Punjab', '0.1547', 889, '76.27'),
('Tiruppur', 'Tamil Nadu', '0.2911', 989, '78.68'),
('Faizabad', 'Uttar Pradesh', '0.1829', 962, '68.73'),
('Tiruvannamalai', 'Tamil Nadu', '0.1275', 994, '74.21'),
('Basti', 'Uttar Pradesh', '0.1821', 963, '67.22'),
('Jabalpur', 'Madhya Pradesh', '0.1451', 929, '81.07'),
('Latur', 'Maharashtra', '0.1797', 928, '77.26'),
('Bellary', 'Karnataka', '0.2099', 983, '67.43'),
('Giridih', 'Jharkhand', '0.2841', 944, '63.14'),
('Sabarkantha', 'Gujarat', '0.1662', 952, '75.79'),
('Bhilwara', 'Rajasthan', '0.1960', 973, '61.37'),
('Thanjavur', 'Tamil Nadu', '0.0856', 1035, '82.64'),
('Ambedkar Nagar', 'Uttar Pradesh', '0.1830', 978, '72.23'),
('PanchMahal', 'Gujarat', '0.1805', 949, '70.99'),
('Sagar', 'Madhya Pradesh', '0.1763', 893, '76.46'),
('Bhopal', 'Madhya Pradesh', '0.2862', 918, '80.37'),
('Rewa', 'Madhya Pradesh', '0.1986', 931, '71.62'),
('Bikaner', 'Rajasthan', '0.4119', 905, '65.13'),
('Surguja', 'Chhattisgarh', '0.1966', 978, '60.01'),
('Vizianagaram', 'Andhra Pradesh', '0.0423', 1019, '58.89'),
('Rampur', 'Uttar Pradesh', '0.2142', 909, '53.34'),
('Baleshwar', 'Orissa', '0.1462', 957, '79.79'),
('Kheda', 'Gujarat', '0.1362', 940, '82.65'),
('Gurdaspur', 'Punjab', '0.0926', 895, '79.95'),
('Purbi Singhbhum', 'Jharkhand', '0.1568', 949, '75.49'),
('South West Delhi', 'Delhi', '0.3065', 840, '88.28'),
('Erode', 'Tamil Nadu', '0.1166', 993, '72.58'),
('Khordha', 'Orissa', '0.1994', 929, '86.88'),
('North East Delhi', 'Delhi', '0.2678', 886, '83.09'),
('Supaul', 'Bihar', '0.2866', 929, '57.67'),
('Satna', 'Madhya Pradesh', '0.1919', 926, '72.26'),
('Nawada', 'Bihar', '0.2263', 939, '59.76'),
('Mau', 'Uttar Pradesh', '0.1898', 979, '73.09'),
('Chandrapur', 'Maharashtra', '0.0643', 961, '80.01'),
('Jalandhar', 'Punjab', '0.1176', 915, '82.48'),
('Dhar', 'Madhya Pradesh', '0.2560', 964, '59.00'),
('Bijapur', 'Karnataka', '0.2050', 960, '67.15'),
('Jamnagar', 'Gujarat', '0.1344', 939, '73.65'),
('Dindigul', 'Tamil Nadu', '0.1231', 998, '76.26'),
('Balrampur', 'Uttar Pradesh', '0.2772', 928, '49.51'),
('Jhunjhunun', 'Rajasthan', '0.1167', 950, '74.13'),
('Alappuzha', 'Kerala', '0.0088', 1100, '95.72'),
('Dohad', 'Gujarat', '0.2998', 990, '58.82'),
('Sundargarh', 'Orissa', '0.1435', 973, '73.34'),
('Anand', 'Gujarat', '0.1270', 925, '84.37'),
('Kachchh', 'Gujarat', '0.3216', 908, '70.59'),
('Chhindwara', 'Madhya Pradesh', '0.1307', 964, '71.16'),
('Dakshina Kannada', 'Karnataka', '0.1011', 1020, '88.57'),
('Bokaro', 'Jharkhand', '0.1601', 922, '72.01'),
('Dhule', 'Maharashtra', '0.2008', 946, '72.80'),
('Churu', 'Rajasthan', '0.0601', 940, '66.75'),
('Pali', 'Rajasthan', '0.1194', 987, '62.39'),
('Mahesana', 'Gujarat', '0.1073', 926, '83.61'),
('Banka', 'Bihar', '0.2648', 907, '58.17'),
('Gwalior', 'Madhya Pradesh', '0.2450', 864, '76.65'),
('Pilibhit', 'Uttar Pradesh', '0.2345', 895, '61.47'),
('Firozpur', 'Punjab', '0.1621', 893, '68.92'),
('Madhepura', 'Bihar', '0.3112', 911, '52.25'),
('Jhansi', 'Uttar Pradesh', '0.1454', 890, '75.05'),
('Ujjain', 'Madhya Pradesh', '0.1612', 955, '72.34'),
('Kottayam', 'Kerala', '0.0107', 1039, '97.21'),
('Ganganagar', 'Rajasthan', '0.1004', 887, '69.64'),
('Morena', 'Madhya Pradesh', '0.2344', 840, '71.03'),
('Jalna', 'Maharashtra', '0.2146', 937, '71.52'),
('Chandauli', 'Uttar Pradesh', '0.1883', 918, '71.48'),
('Kota', 'Rajasthan', '0.2439', 911, '76.56'),
('Dhubri', 'Assam', '0.2444', 953, '58.34'),
('Davanagere', 'Karnataka', '0.0863', 972, '75.74'),
('Virudhunagar', 'Tamil Nadu', '0.1091', 1007, '80.15'),
('Palamu', 'Jharkhand', '0.2617', 928, '63.63'),
('Raichur', 'Karnataka', '0.1551', 1000, '59.56'),
('Sonitpur', 'Assam', '0.1555', 956, '67.34'),
('Saharsa', 'Bihar', '0.2602', 906, '53.20'),
('Patiala', 'Punjab', '0.1962', 891, '75.28'),
('Haridwar', 'Uttarakhand', '0.3063', 880, '73.43'),
('Bagalkot', 'Karnataka', '0.1440', 989, '68.82'),
('Farrukhabad', 'Uttar Pradesh', '0.2005', 874, '69.04'),
('Krishnagiri', 'Tamil Nadu', '0.2041', 958, '71.46'),
('West Nimar', 'Madhya Pradesh', '0.2285', 965, '62.70'),
('Kanniyakumari', 'Tamil Nadu', '0.1160', 1019, '91.75'),
('Mainpuri', 'Uttar Pradesh', '0.1702', 881, '75.99'),
('Sonbhadra', 'Uttar Pradesh', '0.2727', 918, '64.03'),
('Dharwad', 'Karnataka', '0.1513', 971, '80.00'),
('Darjiling', 'West Bengal', '0.1477', 970, '79.56'),
('Jyotiba Phule Nagar', 'Uttar Pradesh', '0.2276', 910, '63.84'),
('Parbhani', 'Maharashtra', '0.2019', 947, '73.34'),
('Jalor', 'Rajasthan', '0.2621', 952, '54.86'),
('Jajapur', 'Orissa', '0.1249', 973, '80.13'),
('Akola', 'Maharashtra', '0.1127', 946, '88.05'),
('Faridabad', 'Haryana', '0.3254', 873, '81.70'),
('Mandya', 'Karnataka', '0.0238', 995, '70.40'),
('Kendujhar', 'Orissa', '0.1535', 988, '68.24'),
('Banda', 'Uttar Pradesh', '0.1705', 863, '66.67'),
('Banswara', 'Rajasthan', '0.2653', 980, '56.33'),
('Ramabai Nagar', 'Uttar Pradesh', '0.1489', 865, '75.78'),
('Hassan', 'Karnataka', '0.0318', 1010, '76.07'),
('Hanumangarh', 'Rajasthan', '0.1691', 906, '67.13'),
('Etah', 'Uttar Pradesh', '0.1362', 873, '70.81'),
('Chhattarpur', 'Madhya Pradesh', '0.1951', 883, '63.74'),
('Jamui', 'Bihar', '0.2585', 922, '59.79'),
('Surendranagar', 'Gujarat', '0.1591', 930, '72.13'),
('Shimoga', 'Karnataka', '0.0671', 998, '80.45'),
('Thoothukkudi', 'Tamil Nadu', '0.1132', 1023, '86.16'),
('Hisar', 'Haryana', '0.1345', 872, '72.89'),
('Cachar', 'Assam', '0.2019', 959, '79.34'),
('Hazaribagh', 'Jharkhand', '0.2065', 947, '69.75'),
('Namakkal', 'Tamil Nadu', '0.1561', 986, '74.63'),
('Shivpuri', 'Madhya Pradesh', '0.2276', 877, '62.55'),
('West Tripura', 'Tripura', '0.1257', 962, '88.69'),
('Sant Kabir Nagar', 'Uttar Pradesh', '0.2077', 972, '66.72'),
('East Delhi', 'Delhi', '0.1679', 884, '89.31'),
('Buxar', 'Bihar', '0.2167', 922, '70.14'),
('Valsad', 'Gujarat', '0.2092', 922, '78.55'),
('Bidar', 'Karnataka', '0.1337', 956, '70.51'),
('Bhind', 'Madhya Pradesh', '0.1921', 837, '75.26'),
('Balaghat', 'Madhya Pradesh', '0.1360', 1021, '77.09'),
('Puri', 'Orissa', '0.1305', 963, '84.67'),
('Dehradun', 'Uttarakhand', '0.3233', 902, '84.25'),
('Barpeta', 'Assam', '0.2143', 953, '63.81'),
('Kishanganj', 'Bihar', '0.3040', 950, '55.46'),
('Jalaun', 'Uttar Pradesh', '0.1619', 865, '73.75'),
('Dakshin Dinajpur', 'West Bengal', '0.1152', 956, '72.82'),
('Khagaria', 'Bihar', '0.3019', 886, '57.92'),
('Chitradurga', 'Karnataka', '0.0933', 974, '73.71'),
('Osmanabad', 'Maharashtra', '0.1150', 924, '78.44'),
('Kannauj', 'Uttar Pradesh', '0.1927', 879, '72.70'),
('Sangrur', 'Punjab', '0.1235', 885, '67.99'),
('Balangir', 'Orissa', '0.2332', 987, '64.72'),
('Udham Singh Nagar', 'Uttarakhand', '0.3345', 920, '73.10'),
('Nandurbar', 'Maharashtra', '0.2566', 978, '64.38'),
('Gautam Buddha Nagar', 'Uttar Pradesh', '0.3711', 851, '80.12'),
('Bhiwani', 'Haryana', '0.1470', 886, '75.21'),
('Dausa', 'Rajasthan', '0.2409', 905, '68.16'),
('Kaimur', 'Bihar', '0.2617', 920, '69.34'),
('Janjgir Champa', 'Chhattisgarh', '0.2294', 986, '73.07'),
('Pudukkottai', 'Tamil Nadu', '0.1088', 1015, '77.19'),
('Nagapattinam', 'Tamil Nadu', '0.0857', 1025, '83.59'),
('Ratnagiri', 'Maharashtra', '-0.0482', 1122, '82.18'),
('Kaushambi', 'Uttar Pradesh', '0.2370', 908, '61.28'),
('Haveri', 'Karnataka', '0.1102', 950, '77.40'),
('Hoshiarpur', 'Punjab', '0.0711', 961, '84.59'),
('Etawah', 'Uttar Pradesh', '0.1815', 870, '78.41'),
('Sant Ravidas Nagar', 'Uttar Pradesh', '0.1658', 955, '68.97'),
('Kalahandi', 'Orissa', '0.1807', 1003, '59.22'),
('Betul', 'Madhya Pradesh', '0.1292', 971, '68.90'),
('Mahamaya Nagar', 'Uttar Pradesh', '0.1712', 871, '71.59'),
('Dewas', 'Madhya Pradesh', '0.1953', 942, '69.35'),
('Bharuch', 'Gujarat', '0.1316', 925, '81.51'),
('Rajgarh', 'Madhya Pradesh', '0.2326', 956, '61.21'),
('Chittaurgarh', 'Rajasthan', '0.1608', 972, '61.71'),
('Rajnandgaon', 'Chhattisgarh', '0.1979', 1015, '75.96'),
('Kolar', 'Karnataka', '0.1077', 979, '74.39'),
('Jammu', 'Jammu and Kashmir', '0.1274', 880, '83.45'),
('Kamrup', 'Assam', '0.1569', 949, '75.55'),
('Gurgaon', 'Haryana', '0.7396', 854, '84.70'),
('Amreli', 'Gujarat', '0.0863', 964, '74.25'),
('Shajapur', 'Madhya Pradesh', '0.1720', 938, '69.09'),
('Kangra', 'Himachal Pradesh', '0.1277', 1012, '85.67'),
('Dharmapuri', 'Tamil Nadu', '0.1634', 946, '68.54'),
('Bhadrak', 'Orissa', '0.1294', 981, '82.78'),
('Karnal', 'Haryana', '0.1814', 887, '74.73'),
('Pashchimi Singhbhum', 'Jharkhand', '0.2175', 1005, '58.63'),
('Raigarh', 'Chhattisgarh', '0.1805', 991, '73.26'),
('Deoghar', 'Jharkhand', '0.2803', 925, '64.85'),
('Bargarh', 'Orissa', '0.1002', 977, '74.62'),
('Vidisha', 'Madhya Pradesh', '0.2009', 896, '70.53'),
('Karauli', 'Rajasthan', '0.2055', 861, '66.22'),
('Ratlam', 'Madhya Pradesh', '0.1972', 971, '66.78'),
('Sonipat', 'Haryana', '0.1335', 856, '79.12'),
('Tikamgarh', 'Madhya Pradesh', '0.2013', 901, '61.43'),
('Kendrapara', 'Orissa', '0.1063', 1007, '85.15'),
('Uttara Kannada', 'Karnataka', '0.0617', 979, '84.06'),
('Kanshiram Nagar', 'Uttar Pradesh', '0.1693', 880, '61.02'),
('Tonk', 'Rajasthan', '0.1730', 952, '61.58'),
('Bastar', 'Chhattisgarh', '0.1796', 1023, '54.40'),
('Jhalawar', 'Rajasthan', '0.1955', 946, '61.50'),
('Gandhinagar', 'Gujarat', '0.0429', 923, '84.16'),
('Koppal', 'Karnataka', '0.1621', 986, '68.09'),
('Dungarpur', 'Rajasthan', '0.2536', 994, '59.46'),
('Bathinda', 'Punjab', '0.1734', 868, '68.28'),
('Barwani', 'Madhya Pradesh', '0.2757', 982, '49.08'),
('Koraput', 'Orissa', '0.1686', 1032, '49.21'),
('Auraiya', 'Uttar Pradesh', '0.1691', 864, '78.95'),
('Seoni', 'Madhya Pradesh', '0.1822', 982, '72.12'),
('Munger', 'Bihar', '0.2021', 876, '70.46'),
('Ramanathapuram', 'Tamil Nadu', '0.1396', 983, '80.72'),
('Patan', 'Gujarat', '0.1361', 935, '72.30'),
('Mandsaur', 'Madhya Pradesh', '0.1324', 963, '71.78'),
('Sivaganga', 'Tamil Nadu', '0.1590', 1003, '79.85'),
('Sawai Madhopur', 'Rajasthan', '0.1956', 897, '65.39'),
('Jind', 'Haryana', '0.1213', 871, '71.44'),
('Raisen', 'Madhya Pradesh', '0.1835', 901, '72.98'),
('Navsari', 'Gujarat', '0.0815', 961, '83.88'),
('Tinsukia', 'Assam', '0.1547', 952, '69.66'),
('Dibrugarh', 'Assam', '0.1192', 961, '76.05'),
('Garhwa', 'Jharkhand', '0.2775', 935, '60.33'),
('Gondiya', 'Maharashtra', '0.1014', 999, '84.95'),
('Dumka', 'Jharkhand', '0.1942', 977, '61.02'),
('Godda', 'Jharkhand', '0.2535', 938, '56.40'),
('Sehore', 'Madhya Pradesh', '0.2154', 918, '70.06'),
('East Nimar', 'Madhya Pradesh', '0.2150', 943, '66.39'),
('Kasaragod', 'Kerala', '0.0858', 1080, '90.09'),
('Baghpat', 'Uttar Pradesh', '0.1195', 861, '72.01'),
('Wardha', 'Maharashtra', '0.0518', 946, '86.99'),
('Sirsa', 'Haryana', '0.1599', 897, '68.82'),
('Katni', 'Madhya Pradesh', '0.2141', 952, '71.98'),
('Anugul', 'Orissa', '0.1174', 943, '77.53'),
('Thiruvarur', 'Tamil Nadu', '0.0811', 1017, '82.86'),
('Damoh', 'Madhya Pradesh', '0.1663', 910, '69.73'),
('Chikkaballapura', 'Karnataka', '0.0923', 972, '69.76'),
('Kamrup Metropolitan', 'Assam', '0.1834', 936, '88.71'),
('Theni', 'Tamil Nadu', '0.1389', 991, '77.26'),
('Guna', 'Madhya Pradesh', '0.2697', 912, '63.23'),
('Hoshangabad', 'Madhya Pradesh', '0.1449', 914, '75.29'),
('Srinagar', 'Jammu and Kashmir', '0.2035', 900, '69.41'),
('Karimganj', 'Assam', '0.2190', 963, '78.22'),
('Baran', 'Rajasthan', '0.1968', 929, '66.66'),
('Lalitpur', 'Uttar Pradesh', '0.2494', 906, '63.52'),
('Nabarangapur', 'Orissa', '0.1903', 1019, '46.43'),
('Yamunanagar', 'Haryana', '0.1657', 877, '77.99'),
('Korba', 'Chhattisgarh', '0.1925', 969, '72.37'),
('Dhaulpur', 'Rajasthan', '0.2271', 846, '69.08'),
('Panipat', 'Haryana', '0.2460', 864, '75.94'),
('Bhandara', 'Maharashtra', '0.0565', 982, '83.76'),
('Pathanamthitta', 'Kerala', '-0.0297', 1132, '96.55'),
('Washim', 'Maharashtra', '0.1734', 930, '83.25'),
('Dhenkanal', 'Orissa', '0.1180', 947, '78.76'),
('Singrauli', 'Madhya Pradesh', '0.2805', 920, '60.41'),
('Udupi', 'Karnataka', '0.0585', 1094, '86.24'),
('Hingoli', 'Maharashtra', '0.1927', 942, '78.17'),
('Yadgir', 'Karnataka', '0.2281', 989, '51.83'),
('Rajsamand', 'Rajasthan', '0.1718', 990, '63.14'),
('Sivasagar', 'Assam', '0.0944', 954, '80.41'),
('Sahibganj', 'Jharkhand', '0.2401', 952, '52.04'),
('Chikmagalur', 'Karnataka', '-0.0026', 1008, '79.25'),
('Jagatsinghapur', 'Orissa', '0.0750', 968, '86.59'),
('Ambala', 'Haryana', '0.1123', 885, '81.75'),
('Sidhi', 'Madhya Pradesh', '0.2372', 957, '64.43'),
('Jehanabad', 'Bihar', '0.2168', 922, '66.80'),
('Tarn Taran', 'Punjab', '0.1923', 900, '67.81'),
('Shrawasti', 'Uttar Pradesh', '-0.0502', 881, '46.74'),
('Bundi', 'Rajasthan', '0.1540', 925, '61.52'),
('Idukki', 'Kerala', '-0.0179', 1006, '91.99'),
('Hamirpur', 'Uttar Pradesh', '0.0580', 861, '68.77'),
('Jorhat', 'Assam', '0.0931', 962, '82.15'),
('Narsimhapur', 'Madhya Pradesh', '0.1401', 920, '75.69'),
('Mewat', 'Haryana', '0.3793', 907, '54.08'),
('Ramanagara', 'Karnataka', '0.0505', 976, '69.22'),
('Anantnag', 'Jammu and Kashmir', '0.3858', 927, '62.69'),
('Kaithal', 'Haryana', '0.1355', 881, '69.15'),
('Gadchiroli', 'Maharashtra', '0.1058', 982, '74.36'),
('Golaghat', 'Assam', '0.1275', 964, '77.43'),
('Shahdol', 'Madhya Pradesh', '0.1739', 974, '66.67'),
('Saraikela Kharsawan', 'Jharkhand', '0.2547', 956, '67.70'),
('Gadag', 'Karnataka', '0.0954', 982, '75.12'),
('Karur', 'Tamil Nadu', '0.1377', 1015, '75.60'),
('Rohtak', 'Haryana', '0.1288', 867, '80.22'),
('Chandigarh', 'Chandigarh', '0.1719', 818, '86.05'),
('Mandla', 'Madhya Pradesh', '0.1797', 1008, '66.87'),
('Chatra', 'Jharkhand', '0.3177', 953, '60.18'),
('Palwal', 'Haryana', '0.2576', 880, '69.32'),
('Lakhimpur', 'Assam', '0.1722', 968, '77.20'),
('Sambalpur', 'Orissa', '0.1127', 976, '76.22'),
('Sirohi', 'Rajasthan', '0.2176', 940, '55.25'),
('Mahasamund', 'Chhattisgarh', '0.2005', 1017, '71.02'),
('Gumla', 'Jharkhand', '0.2316', 993, '65.73'),
('Jhabua', 'Madhya Pradesh', '0.3070', 990, '43.30'),
('Chamarajanagar', 'Karnataka', '0.0573', 993, '61.43'),
('Panna', 'Madhya Pradesh', '0.1867', 905, '64.79'),
('Goalpara', 'Assam', '0.2264', 964, '67.37'),
('Baramula', 'Jammu and Kashmir', '0.1945', 885, '64.63'),
('Lakhisarai', 'Bihar', '0.2477', 902, '62.42'),
('Mandi', 'Himachal Pradesh', '0.1092', 1007, '81.53'),
('Moga', 'Punjab', '0.1128', 893, '70.68'),
('Mohali', 'Punjab', '0.3315', 879, '83.80'),
('Chitrakoot', 'Uttar Pradesh', '0.2943', 879, '65.05'),
('Bangalore Rural', 'Karnataka', '0.1645', 946, '77.93'),
('Rayagada', 'Orissa', '0.1646', 1051, '49.76'),
('Kurukshetra', 'Haryana', '0.1686', 888, '76.31'),
('Nayagarh', 'Orissa', '0.1137', 915, '80.42'),
('Jhajjar', 'Haryana', '0.0890', 862, '80.65'),
('Morigaon', 'Assam', '0.2334', 967, '68.03'),
('Karbi Anglong', 'Assam', '0.1758', 951, '69.25'),
('Nainital', 'Uttarakhand', '0.2513', 934, '83.88'),
('Puducherry', 'Puducherry', '0.2923', 1029, '85.44'),
('Baksa', 'Assam', '0.1074', 974, '69.25'),
('Ramgarh', 'Jharkhand', '0.1310', 921, '73.17'),
('Fatehabad', 'Haryana', '0.1685', 902, '67.92'),
('Darrang', 'Assam', '0.2219', 954, '63.08'),
('Mahendragarh', 'Haryana', '0.1348', 895, '77.72'),
('Muktsar', 'Punjab', '0.1600', 896, '65.81'),
('Pakur', 'Jharkhand', '0.2833', 989, '48.82'),
('Rewari', 'Haryana', '0.1764', 898, '80.99'),
('North Delhi', 'Delhi', '0.1362', 869, '86.85'),
('Kokrajhar', 'Assam', '0.0521', 959, '65.22'),
('South Tripura', 'Tripura', '0.1415', 957, '84.66'),
('Mahoba', 'Uttar Pradesh', '0.2364', 878, '65.27'),
('Kupwara', 'Jammu and Kashmir', '0.3382', 835, '64.51'),
('Pratapgarh', 'Rajasthan', '0.2278', 983, '55.97'),
('Jashpur', 'Chhattisgarh', '0.1460', 1005, '67.92'),
('Sindhudurg', 'Maharashtra', '-0.0221', 1036, '85.56'),
('Ashoknagar', 'Madhya Pradesh', '0.2266', 904, '66.42'),
('Udalguri', 'Assam', '0.0961', 973, '65.41'),
('Neemuch', 'Madhya Pradesh', '0.1377', 954, '70.80'),
('East Khasi Hills', 'Meghalaya', '0.2496', 1011, '84.15'),
('Kabirdham', 'Chhattisgarh', '0.4071', 996, '60.85'),
('North Goa', 'Goa', '0.0784', 963, '89.57'),
('Wayanad', 'Kerala', '0.0471', 1035, '89.03'),
('Kapurthala', 'Punjab', '0.0804', 912, '79.07'),
('Shimla', 'Himachal Pradesh', '0.1267', 915, '83.64'),
('Tapi', 'Gujarat', '0.1214', 1007, '68.26'),
('Dhamtari', 'Chhattisgarh', '0.1319', 1010, '78.36'),
('Jamtara', 'Jharkhand', '0.2112', 954, '64.59'),
('Datia', 'Madhya Pradesh', '0.1846', 873, '72.63'),
('Nalbari', 'Assam', '0.1199', 949, '78.63'),
('Mansa', 'Punjab', '0.1176', 883, '61.83'),
('Burhanpur', 'Madhya Pradesh', '0.1937', 951, '64.36'),
('Ariyalur', 'Tamil Nadu', '0.0854', 1015, '71.34'),
('Badgam', 'Jammu and Kashmir', '0.2414', 894, '56.08'),
('Anuppur', 'Madhya Pradesh', '0.1230', 976, '67.88'),
('Kanker', 'Chhattisgarh', '0.1506', 1006, '70.29'),
('Bongaigaon', 'Assam', '0.2059', 966, '69.74'),
('The Nilgiris', 'Tamil Nadu', '-0.0351', 1042, '85.20'),
('Kandhamal', 'Orissa', '0.1310', 1037, '64.13'),
('Alirajpur', 'Madhya Pradesh', '0.1945', 1011, '36.10'),
('Latehar', 'Jharkhand', '0.2961', 967, '59.51'),
('Kodarma', 'Jharkhand', '0.4342', 950, '66.84'),
('Dindori', 'Madhya Pradesh', '0.2132', 1002, '63.90'),
('Arwal', 'Bihar', '0.1889', 928, '67.43'),
('North Tripura', 'Tripura', '0.1744', 967, '87.50'),
('Sheopur', 'Madhya Pradesh', '0.2294', 901, '57.43'),
('Pauri Garhwal', 'Uttarakhand', '-0.0141', 1103, '82.02'),
('Dhemaji', 'Assam', '0.1997', 953, '72.70'),
('Rupnagar', 'Punjab', '0.0887', 915, '82.19'),
('Jaisalmer', 'Rajasthan', '0.3181', 852, '57.22'),
('Hailakandi', 'Assam', '0.2145', 951, '74.33'),
('Korea', 'Chhattisgarh', '0.1238', 968, '70.64'),
('Sheohar', 'Bihar', '0.2719', 893, '53.78'),
('Umaria', 'Madhya Pradesh', '0.2496', 950, '65.89'),
('West Garo Hills', 'Meghalaya', '0.2409', 984, '67.58'),
('Rajouri', 'Jammu and Kashmir', '0.3293', 860, '68.17'),
('South Goa', 'Goa', '0.0873', 986, '87.59'),
('Sheikhpura', 'Bihar', '0.2109', 930, '63.86'),
('Almora', 'Uttarakhand', '-0.0128', 1139, '80.47'),
('Tehri Garhwal', 'Uttarakhand', '0.0235', 1077, '76.36'),
('Faridkot', 'Punjab', '0.1209', 890, '69.55'),
('Kathua', 'Jammu and Kashmir', '0.2053', 890, '73.09'),
('Malkangiri', 'Orissa', '0.2162', 1020, '48.54'),
('Shahid Bhagat Singh Nagar', 'Punjab', '0.0423', 954, '79.78'),
('Nuapada', 'Orissa', '0.1502', 1021, '57.35'),
('Subarnapur', 'Orissa', '0.1261', 960, '74.42'),
('Fatehgarh Sahib', 'Punjab', '0.1146', 871, '79.35'),
('Simdega', 'Jharkhand', '0.1658', 997, '67.99'),
('Barnala', 'Punjab', '0.1302', 876, '67.82'),
('Narmada', 'Gujarat', '0.1475', 961, '72.31'),
('Porbandar', 'Gujarat', '0.0906', 950, '75.78'),
('Central Delhi', 'Delhi', '-0.0991', 892, '85.14'),
('Solan', 'Himachal Pradesh', '0.1593', 880, '83.68'),
('Jharsuguda', 'Orissa', '0.1369', 953, '78.86'),
('Gajapati', 'Orissa', '0.1137', 1043, '53.49'),
('Harda', 'Madhya Pradesh', '0.2025', 935, '72.50'),
('Perambalur', 'Tamil Nadu', '0.1450', 1003, '74.32'),
('Panchkula', 'Haryana', '0.1983', 873, '81.88'),
('Pulwama', 'Jammu and Kashmir', '0.2700', 912, '63.48'),
('Udhampur', 'Jammu and Kashmir', '0.2078', 870, '68.49'),
('Kodagu', 'Karnataka', '0.0109', 1019, '82.61'),
('Dantewada', 'Chhattisgarh', '0.1208', 1020, '42.12'),
('Khunti', 'Jharkhand', '0.2232', 997, '63.86'),
('Sirmaur', 'Himachal Pradesh', '0.1554', 918, '78.80'),
('Una', 'Himachal Pradesh', '0.1626', 976, '86.53'),
('Chamba', 'Himachal Pradesh', '0.1263', 986, '72.17'),
('Imphal West', 'Manipur', '0.1656', 1031, '86.08'),
('Pithoragarh', 'Uttarakhand', '0.0458', 1020, '82.25'),
('Chirang', 'Assam', '0.1134', 969, '63.55'),
('Senapati', 'Manipur', '0.6894', 937, '63.60'),
('Punch', 'Jammu and Kashmir', '0.2797', 893, '66.74'),
('Lohardaga', 'Jharkhand', '0.2668', 985, '67.61'),
('Imphal East', 'Manipur', '0.1551', 1017, '81.95'),
('Hamirpur', 'Himachal Pradesh', '0.1019', 1095, '88.15'),
('Baudh', 'Orissa', '0.1816', 991, '71.61'),
('Kullu', 'Himachal Pradesh', '0.1476', 942, '79.40'),
('Kulgam', 'Jammu and Kashmir', '0.0773', 951, '59.23'),
('Thoubal', 'Manipur', '0.1594', 1002, '74.47'),
('Doda', 'Jammu and Kashmir', '0.2800', 919, '64.68'),
('Aizawl', 'Mizoram', '0.2292', 1009, '97.89'),
('Jaintia Hills', 'Meghalaya', '0.3210', 1013, '61.64'),
('Bandipora', 'Jammu and Kashmir', '0.2865', 889, '56.28'),
('Chamoli', 'Uttarakhand', '0.0574', 1019, '82.65'),
('West Khasi Hills', 'Meghalaya', '0.2953', 980, '77.87'),
('Bilaspur', 'Himachal Pradesh', '0.1205', 981, '84.59'),
('Dimapur', 'Nagaland', '1.2729', 919, '84.79'),
('Dhalai', 'Tripura', '0.2285', 944, '85.72'),
('Dadra and Nagar Haveli', 'Dadra and Nagar Haveli', '0.5588', 774, '76.24'),
('Uttarkashi', 'Uttarakhand', '0.1189', 958, '75.81'),
('Samba', 'Jammu and Kashmir', '0.1701', 886, '81.41'),
('East Garo Hills', 'Meghalaya', '0.2687', 972, '73.95'),
('Reasi', 'Jammu and Kashmir', '0.2704', 890, '58.15'),
('Debagarh', 'Orissa', '0.1401', 975, '72.57'),
('Ganderbal', 'Jammu and Kashmir', '0.3650', 874, '58.04'),
('Ramban', 'Jammu and Kashmir', '0.3199', 902, '54.27'),
('East Sikkim', 'Sikkim', '0.1573', 873, '83.85'),
('Churachandpur', 'Manipur', '0.2029', 975, '82.78'),
('Kohima', 'Nagaland', '1.3181', 928, '85.23'),
('Shupiyan', 'Jammu and Kashmir', '0.2597', 951, '60.76'),
('Bageshwar', 'Uttarakhand', '0.0418', 1090, '80.01'),
('Champawat', 'Uttarakhand', '0.1563', 980, '79.83'),
('Ri Bhoi', 'Meghalaya', '0.3426', 953, '75.67'),
('Bijapur', 'Chhattisgarh', '0.0878', 984, '40.86'),
('Mon', 'Nagaland', '0.8036', 899, '56.99'),
('Rudraprayag', 'Uttarakhand', '0.0653', 1114, '81.30'),
('South Andaman', 'Andaman And Nicobar Islands', '0.1423', 871, '89.13'),
('Bishnupur', 'Manipur', '0.1393', 999, '75.85'),
('Kishtwar', 'Jammu and Kashmir', '0.2088', 920, '56.20'),
('The Dangs', 'Gujarat', '0.2226', 1006, '75.16'),
('Dima Hasao', 'Assam', '0.1384', 932, '77.54'),
('Karaikal', 'Puducherry', '0.1723', 1047, '87.05'),
('Tuensang', 'Nagaland', '0.9483', 929, '73.08'),
('Mokokchung', 'Nagaland', '0.6094', 925, '91.62'),
('Daman', 'Daman and Diu', '0.6771', 534, '88.07'),
('Ukhrul', 'Manipur', '0.3070', 943, '81.35'),
('Papumpare', 'Arunachal Pradesh', '0.4473', 980, '79.95'),
('Wokha', 'Nagaland', '0.9881', 968, '87.69'),
('Phek', 'Nagaland', '1.1184', 951, '78.05'),
('Lunglei', 'Mizoram', '0.1764', 947, '88.86'),
('Changlang', 'Arunachal Pradesh', '0.1818', 926, '59.80'),
('South Sikkim', 'Sikkim', '0.1165', 915, '81.42'),
('Lohit', 'Arunachal Pradesh', '0.1659', 912, '68.18'),
('Chandel', 'Manipur', '0.2185', 933, '71.11'),
('South Garo Hills', 'Meghalaya', '0.4095', 945, '71.72'),
('New Delhi', 'Delhi', '-0.2072', 822, '88.34'),
('Kargil', 'Jammu and Kashmir', '0.1802', 810, '71.34'),
('Zunheboto', 'Nagaland', '0.7805', 976, '85.26'),
('Tamenglong', 'Manipur', '0.2615', 943, '70.05'),
('Narayanpur', 'Chhattisgarh', '0.1916', 994, '48.62'),
('West Sikkim', 'Sikkim', '0.1069', 942, '77.39'),
('Leh', 'Jammu and Kashmir', '0.1387', 690, '77.20'),
('Champhai', 'Mizoram', '0.1601', 984, '95.91'),
('Lawngtlai', 'Mizoram', '0.6014', 945, '65.88'),
('West Siang', 'Arunachal Pradesh', '0.0804', 930, '66.46'),
('Tirap', 'Arunachal Pradesh', '0.1161', 944, '52.19'),
('North And Middle Andaman', 'Andaman And Nicobar Islands', '-0.0002', 925, '83.91'),
('East Siang', 'Arunachal Pradesh', '0.1352', 980, '72.54'),
('Peren', 'Nagaland', '1.0415', 915, '77.95'),
('Kurung Kumey', 'Arunachal Pradesh', '1.1656', 1032, '48.75'),
('Mamit', 'Mizoram', '0.3756', 927, '84.93'),
('Kinnaur', 'Himachal Pradesh', '0.0739', 819, '80.00'),
('Kolasib', 'Mizoram', '0.2728', 956, '93.50'),
('West Kameng', 'Arunachal Pradesh', '0.1253', 819, '67.07'),
('Upper Subansiri', 'Arunachal Pradesh', '0.5078', 998, '63.80'),
('Lower Subansiri', 'Arunachal Pradesh', '0.4900', 984, '74.35'),
('East Kameng', 'Arunachal Pradesh', '0.3762', 1029, '60.02'),
('Kiphire', 'Nagaland', '0.3858', 956, '69.54'),
('Serchhip', 'Mizoram', '0.2056', 977, '97.91'),
('Lakshadweep', 'Lakshadweep', '0.0630', 946, '91.85'),
('Saiha', 'Mizoram', '-0.0734', 979, '90.01'),
('Yanam', 'Puducherry', '0.7719', 1038, '79.47'),
('Lower Dibang Valley', 'Arunachal Pradesh', '0.0720', 928, '69.13'),
('Diu', 'Daman and Diu', '0.1777', 1031, '83.46'),
('Longleng', 'Nagaland', '-0.2157', 905, '72.17'),
('Tawang', 'Arunachal Pradesh', '0.2840', 714, '59.00'),
('North Sikkim', 'Sikkim', '0.0653', 767, '78.01'),
('Mahe', 'Puducherry', '0.1354', 1184, '97.87'),
('Nicobars', 'Andaman And Nicobar Islands', '-0.1242', 777, '78.06'),
('Upper Siang', 'Arunachal Pradesh', '0.0587', 889, '59.99'),
('Lahul and Spiti', 'Himachal Pradesh', '-0.0500', 903, '76.81'),
('Anjaw', 'Arunachal Pradesh', '0.1419', 839, '56.46'),
('Dibang Valley', 'Arunachal Pradesh', '0.1007', 813, '64.10');

-- --------------------------------------------------------

--
-- Table structure for table `data2`
--

CREATE TABLE `data2` (
  `District` varchar(25) DEFAULT NULL,
  `State` varchar(24) DEFAULT NULL,
  `Area_km2` int(5) DEFAULT NULL,
  `Population` int(8) DEFAULT NULL
) ENGINE=InnoDB DEFAULT CHARSET=utf8;

--
-- Dumping data for table `data2`
--

INSERT INTO `data2` (`District`, `State`, `Area_km2`, `Population`) VALUES
('Adilabad', 'AndhraPradesh', 16105, 2741239),
('Agra', 'UttarPradesh', 4041, 4418797),
('Ahmadabad', 'Gujarat', 8107, 7214225),
('Ahmadnagar', 'Maharashtra', 17048, 4543159),
('Aizawl', 'Mizoram', 3576, 400309),
('Ajmer', 'Rajasthan', 8481, 2583052),
('Akola', 'Maharashtra', 5676, 1813906),
('Alappuzha', 'Kerala', 1415, 2127789),
('Aligarh', 'UttarPradesh', 3650, 3673889),
('Alirajpur', 'MadhyaPradesh', 3182, 728999),
('Allahabad', 'UttarPradesh', 5482, 5954391),
('Almora', 'Uttarakhand', 3144, 622506),
('Alwar', 'Rajasthan', 8380, 3674179),
('Ambala', 'Haryana', 1574, 1128350),
('AmbedkarNagar', 'UttarPradesh', 2350, 2397888),
('Amravati', 'Maharashtra', 12210, 2888445),
('Amreli', 'Gujarat', 7397, 1514190),
('Amritsar', 'Punjab', 2683, 2490656),
('Anand', 'Gujarat', 3204, 2092745),
('Anantapur', 'AndhraPradesh', 19130, 4081148),
('Anantnag', 'JammuandKashmir', 3574, 1078692),
('Anjaw', 'ArunachalPradesh', 6190, 21167),
('Anugul', 'Orissa', 6375, 1273821),
('Anuppur', 'MadhyaPradesh', 3747, 749237),
('Araria', 'Bihar', 2830, 2811569),
('Ariyalur', 'TamilNadu', 1940, 754894),
('Arwal', 'Bihar', 638, 700843),
('Ashoknagar', 'MadhyaPradesh', 4674, 845071),
('Auraiya', 'UttarPradesh', 2016, 1379545),
('Aurangabad', 'Maharashtra', 3305, 2540073),
('Aurangabad', 'Maharashtra', 10107, 3701282),
('Azamgarh', 'UttarPradesh', 4054, 4613913),
('Badgam', 'JammuandKashmir', 1361, 753745),
('Bagalkot', 'Karnataka', 6552, 1889752),
('Bageshwar', 'Uttarakhand', 2241, 259898),
('Baghpat', 'UttarPradesh', 1321, 1303048),
('Bahraich', 'UttarPradesh', 5237, 3487731),
('Baksa', 'Assam', 2457, 950075),
('Balaghat', 'MadhyaPradesh', 9229, 1701698),
('Balangir', 'Orissa', 6575, 1648997),
('Baleshwar', 'Orissa', 3806, 2320529),
('Ballia', 'UttarPradesh', 2981, 3239774),
('Balrampur', 'UttarPradesh', 3349, 2148665),
('Banaskantha', 'Gujarat', 10743, 3120506),
('Banda', 'UttarPradesh', 4408, 1799410),
('Bandipora', 'JammuandKashmir', 345, 392232),
('Bangalore', 'Karnataka', 2196, 9621551),
('BangaloreRural', 'Karnataka', 2298, 990923),
('Banka', 'Bihar', 3020, 2034763),
('Bankura', 'WestBengal', 6882, 3596674),
('Banswara', 'Rajasthan', 4522, 1797485),
('Barabanki', 'UttarPradesh', 4402, 3260699),
('Baramula', 'JammuandKashmir', 4243, 1008039),
('Baran', 'Rajasthan', 6992, 1222755),
('Barddhaman', 'WestBengal', 7024, 7717563),
('Bareilly', 'UttarPradesh', 4120, 4448359),
('Bargarh', 'Orissa', 5837, 1481255),
('Barmer', 'Rajasthan', 28387, 2603751),
('Barnala', 'Punjab', 1482, 595527),
('Barpeta', 'Assam', 2282, 1693622),
('Barwani', 'MadhyaPradesh', 5427, 1385881),
('Bastar', 'Chhattisgarh', 10470, 1413199),
('Basti', 'UttarPradesh', 2688, 2464464),
('Bathinda', 'Punjab', 3353, 1388525),
('Baudh', 'Orissa', 3098, 441162),
('Begusarai', 'Bihar', 1918, 2970541),
('Belgaum', 'Karnataka', 13433, 4779661),
('Bellary', 'Karnataka', 8461, 2452595),
('Betul', 'MadhyaPradesh', 10043, 1575362),
('Bhadrak', 'Orissa', 2505, 1506337),
('Bhagalpur', 'Bihar', 2569, 3037766),
('Bhandara', 'Maharashtra', 4087, 1200334),
('Bharatpur', 'Rajasthan', 5066, 2548462),
('Bharuch', 'Gujarat', 6509, 1551019),
('Bhavnagar', 'Gujarat', 10034, 2880365),
('Bhilwara', 'Rajasthan', 10455, 2408523),
('Bhind', 'MadhyaPradesh', 4459, 1703005),
('Bhiwani', 'Haryana', 4778, 1634445),
('Bhojpur', 'Bihar', 2395, 2728407),
('Bhopal', 'MadhyaPradesh', 2772, 2371061),
('Bid', 'Maharashtra', 10693, 2585049),
('Bidar', 'Karnataka', 5448, 1703300),
('Bijapur', 'Karnataka', 8530, 255230),
('Bijapur', 'Karnataka', 10498, 2177331),
('Bijnor', 'UttarPradesh', 4561, 3682713),
('Bikaner', 'Rajasthan', 30239, 2363937),
('Bilaspur', 'Chhattisgarh', 1167, 381956),
('Bilaspur', 'Chhattisgarh', 8272, 2663629),
('Birbhum', 'WestBengal', 4545, 3502404),
('Bishnupur', 'Manipur', 496, 237399),
('Bokaro', 'Jharkhand', 2883, 2062330),
('Bongaigaon', 'Assam', 1093, 738804),
('Budaun', 'UttarPradesh', 5168, 3681896),
('Bulandshahar', 'UttarPradesh', 4512, 3499171),
('Buldana', 'Maharashtra', 9661, 2586258),
('Bundi', 'Rajasthan', 5776, 1110906),
('Burhanpur', 'MadhyaPradesh', 3427, 757847),
('Buxar', 'Bihar', 1703, 1706352),
('Cachar', 'Assam', 3786, 1736617),
('Central', '#N/A', 21, 582320),
('Chamarajanagar', 'Karnataka', 5648, 1020791),
('Chamba', 'HimachalPradesh', 6522, 519080),
('Chamoli', 'Uttarakhand', 8030, 391605),
('Champawat', 'Uttarakhand', 1766, 259648),
('Champhai', 'Mizoram', 3185, 125745),
('Chandauli', 'UttarPradesh', 2541, 1952756),
('Chandel', 'Manipur', 3313, 144182),
('Chandigarh', 'Chandigarh', 114, 1055450),
('Chandrapur', 'Maharashtra', 11443, 2204307),
('Changlang', 'ArunachalPradesh', 4662, 148226),
('Chatra', 'Jharkhand', 3718, 1042886),
('Chennai', 'TamilNadu', 175, 4646732),
('Chhatarpur', '#N/A', 8687, 1762375),
('Chhindwara', 'MadhyaPradesh', 11815, 2090922),
('Chikkaballapura', 'Karnataka', 4244, 1255104),
('Chikmagalur', 'Karnataka', 7202, 1137961),
('Chirang', 'Assam', 1923, 482162),
('Chitradurga', 'Karnataka', 8436, 1659456),
('Chitrakoot', 'UttarPradesh', 3216, 991730),
('Chittaurgarh', 'Rajasthan', 7822, 1544338),
('Chittoor', 'AndhraPradesh', 15152, 4174064),
('Churachandpur', 'Manipur', 4570, 274143),
('Churu', 'Rajasthan', 13835, 2039547),
('Coimbatore', 'TamilNadu', 4732, 3458045),
('Cuddalore', 'TamilNadu', 3703, 2605914),
('Cuttack', 'Orissa', 3932, 2624470),
('Dadra&NagarHaveli', '#N/A', 491, 343709),
('Dahod', '#N/A', 3642, 2127086),
('DakshinBastarDantewada', '#N/A', 8298, 533638),
('DakshinDinajpur', 'WestBengal', 2219, 1676276),
('DakshinaKannada', 'Karnataka', 4861, 2089649),
('Daman', 'DamanandDiu', 72, 191173),
('Damoh', 'MadhyaPradesh', 7306, 1264219),
('Darbhanga', 'Bihar', 2279, 3937385),
('Darjiling', 'WestBengal', 3149, 1846823),
('Darrang', 'Assam', 1585, 928500),
('Datia', 'MadhyaPradesh', 2902, 786754),
('Dausa', 'Rajasthan', 3432, 1634409),
('Davanagere', 'Karnataka', 5924, 1945497),
('Debagarh', 'Orissa', 2940, 312520),
('Dehradun', 'Uttarakhand', 3088, 1696694),
('Deoghar', 'Jharkhand', 2477, 1492073),
('Deoria', 'UttarPradesh', 2540, 3100946),
('Dewas', 'MadhyaPradesh', 7020, 1563715),
('Dhalai', 'Tripura', 2400, 378230),
('Dhamtari', 'Chhattisgarh', 4084, 799781),
('Dhanbad', 'Jharkhand', 2040, 2684487),
('Dhar', 'MadhyaPradesh', 8153, 2185793),
('Dharmapuri', 'TamilNadu', 4497, 1506843),
('Dharwad', 'Karnataka', 4260, 1847023),
('Dhaulpur', 'Rajasthan', 3033, 1206516),
('Dhemaji', 'Assam', 3237, 686133),
('Dhenkanal', 'Orissa', 4452, 1192811),
('Dhubri', 'Assam', 2176, 1949258),
('Dhule', 'Maharashtra', 7195, 2050862),
('DibangValley', 'ArunachalPradesh', 9129, 8004),
('Dibrugarh', 'Assam', 3381, 1326335),
('DimaHasao', 'Assam', 4888, 214102),
('Dimapur', 'Nagaland', 927, 378811),
('Dindigul', 'TamilNadu', 6036, 2159775),
('Dindori', 'MadhyaPradesh', 7470, 704524),
('Diu', 'DamanandDiu', 39, 52074),
('Doda', 'JammuandKashmir', 8912, 409936),
('Dumka', 'Jharkhand', 3761, 1321442),
('Dungarpur', 'Rajasthan', 3770, 1388552),
('Durg', 'Chhattisgarh', 8535, 3343872),
('East', '#N/A', 63, 1709346),
('EastDistrict', '#N/A', 954, 283583),
('EastGaroHills', 'Meghalaya', 2603, 317917),
('EastGodavari', 'AndhraPradesh', 10807, 5154296),
('EastKameng', 'ArunachalPradesh', 4134, 78690),
('EastKhasiHills', 'Meghalaya', 2748, 825922),
('EastSiang', 'ArunachalPradesh', 3603, 99214),
('Ernakulam', 'Kerala', 3063, 3282388),
('Erode', 'TamilNadu', 5760, 2251744),
('Etah', 'UttarPradesh', 2431, 1774480),
('Etawah', 'UttarPradesh', 2311, 1581810),
('Faizabad', 'UttarPradesh', 2341, 2470996),
('Faridabad', 'Haryana', 741, 1809733),
('Faridkot', 'Punjab', 1458, 617508),
('Farrukhabad', 'UttarPradesh', 2181, 1885204),
('Fatehabad', 'Haryana', 2538, 942011),
('FatehgarhSahib', 'Punjab', 1180, 600163),
('Fatehpur', 'UttarPradesh', 4152, 2632733),
('Firozabad', 'UttarPradesh', 2407, 2498156),
('Firozpur', 'Punjab', 5305, 2029074),
('Gadag', 'Karnataka', 4657, 1064570),
('Gadchiroli', 'Maharashtra', 14412, 1072942),
('Gajapati', 'Orissa', 4325, 577817),
('Ganderbal', 'JammuandKashmir', 259, 297446),
('Gandhinagar', 'Gujarat', 2140, 1391753),
('Ganganagar', 'Rajasthan', 10978, 1969168),
('Ganjam', 'Orissa', 8206, 3529031),
('Garhwa', 'Jharkhand', 4093, 1322784),
('Garhwal', '#N/A', 5329, 687271),
('GautamBuddhaNagar', 'UttarPradesh', 1282, 1648115),
('Gaya', 'Bihar', 4976, 4391418),
('Ghaziabad', 'UttarPradesh', 1179, 4681645),
('Ghazipur', 'UttarPradesh', 3377, 3620268),
('Giridih', 'Jharkhand', 4962, 2445474),
('Goalpara', 'Assam', 1824, 1008183),
('Godda', 'Jharkhand', 2266, 1313551),
('Golaghat', 'Assam', 3502, 1066888),
('Gonda', 'UttarPradesh', 4003, 3433919),
('Gondiya', 'Maharashtra', 5234, 1322507),
('Gopalganj', 'Bihar', 2033, 2562012),
('Gorakhpur', 'UttarPradesh', 3321, 4440895),
('Gulbarga', 'Karnataka', 10954, 2566326),
('Gumla', 'Jharkhand', 5360, 1025213),
('Guna', 'MadhyaPradesh', 6390, 1241519),
('Guntur', 'AndhraPradesh', 11391, 4887813),
('Gurdaspur', 'Punjab', 3551, 2298323),
('Gurgaon', 'Haryana', 1258, 1514432),
('Gwalior', 'MadhyaPradesh', 4560, 2032036),
('Hailakandi', 'Assam', 1327, 659296),
('Hamirpur', 'UttarPradesh', 1118, 454768),
('Hamirpur', 'UttarPradesh', 4021, 1104285),
('Hanumangarh', 'Rajasthan', 9656, 1774692),
('Haora', 'WestBengal', 1467, 4850029),
('Harda', 'MadhyaPradesh', 3334, 570465),
('Hardoi', 'UttarPradesh', 5986, 4092845),
('Hardwar', '#N/A', 2360, 1890422),
('Hassan', 'Karnataka', 6814, 1776421),
('Haveri', 'Karnataka', 4823, 1597668),
('Hazaribagh', 'Jharkhand', 3555, 1734495),
('Hingoli', 'Maharashtra', 4827, 1177345),
('Hisar', 'Haryana', 3983, 1743931),
('Hoshangabad', 'MadhyaPradesh', 6703, 1241350),
('Hoshiarpur', 'Punjab', 3386, 1586625),
('Hugli', 'WestBengal', 3149, 5519145),
('Hyderabad', 'AndhraPradesh', 217, 3943323),
('Idukki', 'Kerala', 4356, 1108974),
('ImphalEast', 'Manipur', 709, 456113),
('ImphalWest', 'Manipur', 519, 517992),
('Indore', 'MadhyaPradesh', 3898, 3276697),
('Jabalpur', 'MadhyaPradesh', 5211, 2463289),
('Jagatsinghapur', 'Orissa', 1668, 1136971),
('JaintiaHills', 'Meghalaya', 3819, 395124),
('Jaipur', 'Rajasthan', 11143, 6626178),
('Jaisalmer', 'Rajasthan', 38401, 669919),
('Jajapur', 'Orissa', 2899, 1827192),
('Jalandhar', 'Punjab', 2624, 2193590),
('Jalaun', 'UttarPradesh', 4565, 1689974),
('Jalgaon', 'Maharashtra', 11765, 4229917),
('Jalna', 'Maharashtra', 7718, 1959046),
('Jalor', 'Rajasthan', 10640, 1828730),
('Jalpaiguri', 'WestBengal', 6227, 3872846),
('Jammu', 'JammuandKashmir', 2342, 1529958),
('Jamnagar', 'Gujarat', 14184, 2160119),
('Jamtara', 'Jharkhand', 1811, 791042),
('Jamui', 'Bihar', 3098, 1760405),
('Janjgir-Champa', '#N/A', 3853, 1619707),
('Jashpur', 'Chhattisgarh', 5838, 851669),
('Jaunpur', 'UttarPradesh', 4038, 4494204),
('Jehanabad', 'Bihar', 931, 1125313),
('Jhabua', 'MadhyaPradesh', 3600, 1025048),
('Jhajjar', 'Haryana', 1834, 958405),
('Jhalawar', 'Rajasthan', 6219, 1411129),
('Jhansi', 'UttarPradesh', 5024, 1998603),
('Jharsuguda', 'Orissa', 2114, 579505),
('Jhunjhunun', 'Rajasthan', 5928, 2137045),
('Jind', 'Haryana', 2702, 1334152),
('Jodhpur', 'Rajasthan', 22850, 3687165),
('Jorhat', 'Assam', 2851, 1092256),
('Junagadh', 'Gujarat', 8831, 2743082),
('JyotibaPhuleNagar', 'UttarPradesh', 2249, 1840221),
('Kabirdham', 'Chhattisgarh', 4235, 822526),
('Kachchh', 'Gujarat', 45674, 2092371),
('Kaimur', 'Bihar', 3332, 1626384),
('Kaithal', 'Haryana', 2317, 1074304),
('Kalahandi', 'Orissa', 7920, 1576869),
('Kamrup', 'Assam', 3105, 1517542),
('KamrupMetropolitan', 'Assam', 955, 1253938),
('Kancheepuram', 'TamilNadu', 4483, 3998252),
('Kandhamal', 'Orissa', 8021, 733110),
('Kangra', 'HimachalPradesh', 5739, 1510075),
('Kanker(UttarBastarKanker)', '#N/A', 7161, 748941),
('Kannauj', 'UttarPradesh', 2093, 1656616),
('Kanniyakumari', 'TamilNadu', 1684, 1870374),
('Kannur', 'Kerala', 2961, 2523003),
('KanpurDehat', '#N/A', 3021, 1796184),
('KanpurNagar', 'UttarPradesh', 3155, 4581268),
('KanshiramNagar', 'UttarPradesh', 1955, 1436719),
('Kapurthala', 'Punjab', 1633, 815168),
('Karaikal', 'Puducherry', 157, 200222),
('Karauli', 'Rajasthan', 5524, 1458248),
('KarbiAnglong', 'Assam', 10434, 956313),
('Kargil', 'JammuandKashmir', 14036, 140802),
('Karimganj', 'Assam', 1809, 1228686),
('Karimnagar', 'AndhraPradesh', 11823, 3776269),
('Karnal', 'Haryana', 2520, 1505324),
('Karur', 'TamilNadu', 2904, 1064493),
('Kasaragod', 'Kerala', 1989, 1307375),
('Kathua', 'JammuandKashmir', 2502, 616435),
('Katihar', 'Bihar', 3057, 3071029),
('Katni', 'MadhyaPradesh', 4950, 1292042),
('Kaushambi', 'UttarPradesh', 1779, 1599596),
('Kendrapara', 'Orissa', 2644, 1440361),
('Kendujhar', 'Orissa', 8303, 1801733),
('Khagaria', 'Bihar', 1486, 1666886),
('Khammam', 'AndhraPradesh', 16029, 2797370),
('Khandwa', '#N/A', 7352, 1310061),
('Khargone', '#N/A', 8025, 1873046),
('Kheda', 'Gujarat', 3953, 2299885),
('Kheri', 'UttarPradesh', 7680, 4021243),
('Khordha', 'Orissa', 2813, 2251673),
('Khunti', 'Jharkhand', 2535, 531885),
('Kinnaur', 'HimachalPradesh', 6401, 84121),
('Kiphire', 'Nagaland', 1130, 74004),
('Kishanganj', 'Bihar', 1884, 1690400),
('Kishtwar', 'JammuandKashmir', 1644, 230696),
('KochBihar', 'WestBengal', 3387, 2819086),
('Kodagu', 'Karnataka', 4102, 554519),
('Kodarma', 'Jharkhand', 2540, 716259),
('Kohima', 'Nagaland', 1463, 267988),
('Kokrajhar', 'Assam', 3296, 887142),
('Kolar', 'Karnataka', 3979, 1536401),
('Kolasib', 'Mizoram', 1382, 83955),
('Kolhapur', 'Maharashtra', 7685, 3876001),
('Kolkata', 'WestBengal', 185, 4496694),
('Kollam', 'Kerala', 2483, 2635375),
('Koppal', 'Karnataka', 5570, 1389920),
('Koraput', 'Orissa', 8807, 1379647),
('Korba', 'Chhattisgarh', 6598, 1206640),
('Koriya', '#N/A', 6604, 658917),
('Kota', 'Rajasthan', 5217, 1951014),
('Kottayam', 'Kerala', 2206, 1974551),
('Kozhikode', 'Kerala', 2345, 3086293),
('Krishna', 'AndhraPradesh', 8727, 4517398),
('Krishnagiri', 'TamilNadu', 5129, 1879809),
('Kulgam', 'JammuandKashmir', 410, 424483),
('Kullu', 'HimachalPradesh', 5503, 437903),
('Kupwara', 'JammuandKashmir', 2379, 870354),
('Kurnool', 'AndhraPradesh', 17658, 4053463),
('Kurukshetra', 'Haryana', 1530, 964655),
('KurungKumey', 'ArunachalPradesh', 6040, 92076),
('Kushinagar', 'UttarPradesh', 2905, 3564544),
('Lahul&Spiti', '#N/A', 13841, 31564),
('Lakhimpur', 'Assam', 2277, 1042137),
('Lakhisarai', 'Bihar', 1228, 1000912),
('Lakshadweep', 'Lakshadweep', 30, 64473),
('Lalitpur', 'UttarPradesh', 5039, 1221592),
('Latehar', 'Jharkhand', 4291, 726978),
('Latur', 'Maharashtra', 7157, 2454196),
('Lawngtlai', 'Mizoram', 2557, 117894),
('Leh', 'JammuandKashmir', 45110, 133487),
('Lohardaga', 'Jharkhand', 1502, 461790),
('Lohit', 'ArunachalPradesh', 5212, 145726),
('Longleng', 'Nagaland', 562, 50484),
('LowerDibangValley', 'ArunachalPradesh', 3900, 54080),
('LowerSubansiri', 'ArunachalPradesh', 3508, 83030),
('Lucknow', 'UttarPradesh', 2528, 4589838),
('Ludhiana', 'Punjab', 3578, 3498739),
('Lunglei', 'Mizoram', 4536, 161428),
('Madhepura', 'Bihar', 1788, 2001762),
('Madhubani', 'Bihar', 3501, 4487379),
('Madurai', 'TamilNadu', 3710, 3038252),
('MahamayaNagar', 'UttarPradesh', 1840, 1564708),
('Maharajganj', 'UttarPradesh', 2952, 2684703),
('Mahasamund', 'Chhattisgarh', 4790, 1032754),
('Mahbubnagar', 'AndhraPradesh', 18432, 4053028),
('Mahe', 'Puducherry', 9, 41816),
('Mahendragarh', 'Haryana', 1899, 922088),
('Mahesana', 'Gujarat', 4401, 2035064),
('Mahoba', 'UttarPradesh', 3144, 875958),
('Mainpuri', 'UttarPradesh', 2760, 1868529),
('Malappuram', 'Kerala', 3554, 4112920),
('Maldah', 'WestBengal', 3733, 3988845),
('Malkangiri', 'Orissa', 5791, 613192),
('Mamit', 'Mizoram', 3025, 86364),
('Mandi', 'HimachalPradesh', 3950, 999777),
('Mandla', 'MadhyaPradesh', 5800, 1054905),
('Mandsaur', 'MadhyaPradesh', 5535, 1340411),
('Mandya', 'Karnataka', 4962, 1805769),
('Mansa', 'Punjab', 2198, 769751),
('Mathura', 'UttarPradesh', 3340, 2547184),
('Mau', 'UttarPradesh', 1713, 2205968),
('Mayurbhanj', 'Orissa', 10418, 2519738),
('Medak', 'AndhraPradesh', 9699, 3033288),
('Meerut', 'UttarPradesh', 2559, 3443689),
('Mewat', 'Haryana', 1507, 1089263),
('Mirzapur', 'UttarPradesh', 4405, 2496970),
('Moga', 'Punjab', 2242, 995746),
('Mokokchung', 'Nagaland', 1615, 194622),
('Mon', 'Nagaland', 1786, 250260),
('Moradabad', 'UttarPradesh', 3718, 4772006),
('Morena', 'MadhyaPradesh', 4989, 1965970),
('Morigaon', 'Assam', 1551, 957423),
('Muktsar', 'Punjab', 2593, 901896),
('Mumbai', '#N/A', 157, 3085411),
('MumbaiSuburban', 'Maharashtra', 446, 9356962),
('Munger', 'Bihar', 1419, 1367765),
('Murshidabad', 'WestBengal', 5324, 7103807),
('Muzaffarnagar', 'UttarPradesh', 4008, 4143512),
('Muzaffarpur', 'Bihar', 3172, 4801062),
('Mysore', 'Karnataka', 6307, 3001127),
('Nabarangapur', 'Orissa', 5291, 1220946),
('Nadia', 'WestBengal', 3927, 5167600),
('Nagaon', 'Assam', 3973, 2823768),
('Nagapattinam', 'TamilNadu', 2569, 1616450),
('Nagaur', 'Rajasthan', 17718, 3307743),
('Nagpur', 'Maharashtra', 9892, 4653570),
('Nainital', 'Uttarakhand', 4251, 954605),
('Nalanda', 'Bihar', 2355, 2877653),
('Nalbari', 'Assam', 1052, 771639),
('Nalgonda', 'AndhraPradesh', 14240, 3488809),
('Namakkal', 'TamilNadu', 3420, 1726601),
('Nanded', 'Maharashtra', 10528, 3361292),
('Nandurbar', 'Maharashtra', 5955, 1648295),
('Narayanpur', 'Chhattisgarh', 4653, 139820),
('Narmada', 'Gujarat', 2817, 590297),
('Narsimhapur', 'MadhyaPradesh', 5133, 1091854),
('Nashik', 'Maharashtra', 15530, 6107187),
('Navsari', 'Gujarat', 2246, 1329672),
('Nawada', 'Bihar', 2494, 2219146),
('Nayagarh', 'Orissa', 3890, 962789),
('Neemuch', 'MadhyaPradesh', 4256, 826067),
('NewDelhi', 'Delhi', 35, 142004),
('Nicobars', 'AndamanAndNicobarIslands', 1841, 36842),
('Nizamabad', 'AndhraPradesh', 7956, 2551335),
('North', '#N/A', 61, 887978),
('North&MiddleAndaman', '#N/A', 3736, 105597),
('NorthDistrict', '#N/A', 4226, 43709),
('NorthEast', '#N/A', 62, 2241624),
('NorthGoa', 'Goa', 1736, 818008),
('NorthTripura', 'Tripura', 2036, 693947),
('NorthTwentyFourParganas', 'WestBengal', 4094, 10009781),
('NorthWest', '#N/A', 443, 3656539),
('Nuapada', 'Orissa', 3852, 610382),
('Osmanabad', 'Maharashtra', 7569, 1657576),
('Pakur', 'Jharkhand', 1811, 900422),
('Palakkad', 'Kerala', 4482, 2809934),
('Palamu', 'Jharkhand', 4393, 1939869),
('Pali', 'Rajasthan', 12387, 2037573),
('Palwal', 'Haryana', 1359, 1042708),
('Panchkula', 'Haryana', 898, 561293),
('Panchmahal', 'Gujarat', 5231, 2390776),
('Panipat', 'Haryana', 1268, 1205437),
('Panna', 'MadhyaPradesh', 7135, 1016520),
('PapumPare', '#N/A', 3462, 176573),
('Parbhani', 'Maharashtra', 6214, 1836086),
('PaschimMedinipur', 'WestBengal', 9368, 5913457),
('PashchimChamparan', 'Bihar', 5228, 3935042),
('PashchimiSinghbhum', 'Jharkhand', 7224, 1502338),
('Patan', 'Gujarat', 5792, 1343734),
('Pathanamthitta', 'Kerala', 2652, 1197412),
('Patiala', 'Punjab', 3325, 1895686),
('Patna', 'Bihar', 3202, 5838465),
('Perambalur', 'TamilNadu', 1756, 565223),
('Peren', 'Nagaland', 1651, 95219),
('Phek', 'Nagaland', 2026, 163418),
('Pilibhit', 'UttarPradesh', 3686, 2031007),
('Pithoragarh', 'Uttarakhand', 7090, 483439),
('Porbandar', 'Gujarat', 2316, 585449),
('Prakasam', 'AndhraPradesh', 17626, 3397448),
('Pratapgarh', 'UttarPradesh', 4449, 867848),
('Pratapgarh', 'UttarPradesh', 3717, 3209141),
('Puducherry', 'Puducherry', 294, 950289),
('Pudukkottai', 'TamilNadu', 4644, 1618345),
('Pulwama', 'JammuandKashmir', 1086, 560440),
('Punch', 'JammuandKashmir', 1674, 476835),
('Pune', 'Maharashtra', 15643, 9429408),
('PurbaChamparan', '#N/A', 3968, 5099371),
('PurbaMedinipur', 'WestBengal', 4713, 5095875),
('PurbiSinghbhum', 'Jharkhand', 3562, 2293919),
('Puri', 'Orissa', 3479, 1698730),
('Purnia', 'Bihar', 3229, 3264619),
('Puruliya', 'WestBengal', 6259, 2930115),
('RaeBareli', 'UttarPradesh', 4609, 3405559),
('Raichur', 'Karnataka', 8442, 1928812),
('Raigarh', 'Maharashtra', 7086, 1493984),
('Raigarh', 'Maharashtra', 7152, 2634200),
('Raipur', 'Chhattisgarh', 12383, 4063872),
('Raisen', 'MadhyaPradesh', 8466, 1331597),
('Rajgarh', 'MadhyaPradesh', 6153, 1545814),
('Rajkot', 'Gujarat', 11198, 3804558),
('Rajnandgaon', 'Chhattisgarh', 8070, 1537133),
('Rajouri', 'JammuandKashmir', 2630, 642415),
('Rajsamand', 'Rajasthan', 4655, 1156597),
('Ramanagara', 'Karnataka', 3516, 1082636),
('Ramanathapuram', 'TamilNadu', 4104, 1353445),
('Ramban', 'JammuandKashmir', 1329, 283713),
('Ramgarh', 'Jharkhand', 1341, 949443),
('Rampur', 'UttarPradesh', 2367, 2335819),
('Ranchi', 'Jharkhand', 5097, 2914253),
('Rangareddy', 'AndhraPradesh', 7493, 5296741),
('Ratlam', 'MadhyaPradesh', 4861, 1455069),
('Ratnagiri', 'Maharashtra', 8208, 1615069),
('Rayagada', 'Orissa', 7073, 967911),
('Reasi', 'JammuandKashmir', 1719, 314667),
('Rewa', 'MadhyaPradesh', 6314, 2365106),
('Rewari', 'Haryana', 1594, 900332),
('Ribhoi', '#N/A', 2448, 258840),
('Rohtak', 'Haryana', 1745, 1061204),
('Rohtas', 'Bihar', 3881, 2959918),
('Rudraprayag', 'Uttarakhand', 1984, 242285),
('Rupnagar', 'Punjab', 1356, 684627),
('Sabarkantha', 'Gujarat', 7394, 2428589),
('Sagar', 'MadhyaPradesh', 10252, 2378458),
('Saharanpur', 'UttarPradesh', 3689, 3466382),
('Saharsa', 'Bihar', 1687, 1900661),
('Sahibganj', 'Jharkhand', 2063, 1150567),
('SahibzadaAjitSinghNagar', '#N/A', 1094, 994628),
('Saiha', 'Mizoram', 1399, 56574),
('Salem', 'TamilNadu', 5237, 3482056),
('Samastipur', 'Bihar', 2904, 4261566),
('Samba', 'JammuandKashmir', 904, 318898),
('Sambalpur', 'Orissa', 6624, 1041099),
('Sangli', 'Maharashtra', 8572, 2822143),
('Sangrur', 'Punjab', 3625, 1655169),
('SantKabirNagar', 'UttarPradesh', 1646, 1715183),
('SantRavidasNagar', 'UttarPradesh', 1015, 1578213),
('Saraikela-Kharsawan', '#N/A', 2657, 1065056),
('Saran', 'Bihar', 2641, 3951862),
('Satara', 'Maharashtra', 10480, 3003741),
('Satna', 'MadhyaPradesh', 7502, 2228935),
('SawaiMadhopur', 'Rajasthan', 4498, 1335551),
('Sehore', 'MadhyaPradesh', 6578, 1311332),
('Senapati', 'Manipur', 3271, 479148),
('Seoni', 'MadhyaPradesh', 8758, 1379131),
('Serchhip', 'Mizoram', 1421, 64937),
('Shahdol', 'MadhyaPradesh', 6205, 1066063),
('ShahidBhagatSinghNagar', 'Punjab', 1282, 612310),
('Shahjahanpur', 'UttarPradesh', 4388, 3006538),
('Shajapur', 'MadhyaPradesh', 6195, 1512681),
('Sheikhpura', 'Bihar', 689, 636342),
('Sheohar', 'Bihar', 349, 656246),
('Sheopur', 'MadhyaPradesh', 6606, 687861),
('Shimla', 'HimachalPradesh', 5131, 814010),
('Shimoga', 'Karnataka', 8478, 1752753),
('Shivpuri', 'MadhyaPradesh', 10066, 1726050),
('Shrawasti', 'UttarPradesh', 1640, 1117361),
('Shupiyan', 'JammuandKashmir', 312, 266215),
('Siddharthnagar', '#N/A', 2895, 2559297),
('Sidhi', 'MadhyaPradesh', 4851, 1127033),
('Sikar', 'Rajasthan', 7732, 2677333),
('Simdega', 'Jharkhand', 3774, 599578),
('Sindhudurg', 'Maharashtra', 5207, 849651),
('Singrauli', 'MadhyaPradesh', 5675, 1178273),
('Sirmaur', 'HimachalPradesh', 2825, 529855),
('Sirohi', 'Rajasthan', 5136, 1036346),
('Sirsa', 'Haryana', 4277, 1295189),
('Sitamarhi', 'Bihar', 2294, 3423574),
('Sitapur', 'UttarPradesh', 5743, 4483992),
('Sivaganga', 'TamilNadu', 4233, 1339101),
('Sivasagar', 'Assam', 2668, 1151050),
('Siwan', 'Bihar', 2219, 3330464),
('Solan', 'HimachalPradesh', 1936, 580320),
('Solapur', 'Maharashtra', 14895, 4317756),
('Sonbhadra', 'UttarPradesh', 6905, 1862559),
('Sonipat', 'Haryana', 2122, 1450001),
('Sonitpur', 'Assam', 5204, 1924110),
('South', '#N/A', 247, 2731929),
('SouthAndaman', 'AndamanAndNicobarIslands', 2672, 238142),
('SouthDistrict', '#N/A', 750, 146850),
('SouthGaroHills', 'Meghalaya', 1887, 142334),
('SouthGoa', 'Goa', 1966, 640537),
('SouthTripura', 'Tripura', 3057, 876001),
('SouthTwentyFourParganas', 'WestBengal', 9960, 8161961),
('SouthWest', '#N/A', 421, 2292958),
('SriPottiSriramuluNellore', 'AndhraPradesh', 13076, 2963557),
('Srikakulam', 'AndhraPradesh', 5837, 2703114),
('Srinagar', 'JammuandKashmir', 1979, 1236829),
('Subarnapur', 'Orissa', 2337, 610183),
('Sultanpur', 'UttarPradesh', 4436, 3797117),
('Sundargarh', 'Orissa', 9712, 2093437),
('Supaul', 'Bihar', 2425, 2229076),
('Surat', 'Gujarat', 4549, 6081322),
('Surendranagar', 'Gujarat', 10423, 1756268),
('Surguja', 'Chhattisgarh', 15732, 2359886),
('Tamenglong', 'Manipur', 4391, 140651),
('Tapi', 'Gujarat', 3139, 807022),
('TarnTaran', 'Punjab', 2414, 1119627),
('Tawang', 'ArunachalPradesh', 2172, 49977),
('TehriGarhwal', 'Uttarakhand', 3642, 618931),
('Thane', 'Maharashtra', 9558, 11060148),
('Thanjavur', 'TamilNadu', 3411, 2405890),
('TheDangs', 'Gujarat', 1766, 228291),
('TheNilgiris', 'TamilNadu', 2565, 735394),
('Theni', 'TamilNadu', 2868, 1245899),
('Thiruvallur', 'TamilNadu', 3394, 3728104),
('Thiruvananthapuram', 'Kerala', 2189, 3301427),
('Thiruvarur', 'TamilNadu', 2274, 1264277),
('Thoothukkudi', 'TamilNadu', 4745, 1750176),
('Thoubal', 'Manipur', 514, 422168),
('Thrissur', 'Kerala', 3027, 3121200),
('Tikamgarh', 'MadhyaPradesh', 5048, 1445166),
('Tinsukia', 'Assam', 3790, 1327929),
('Tirap', 'ArunachalPradesh', 2362, 111975),
('Tiruchirappalli', 'TamilNadu', 4509, 2722290),
('Tirunelveli', 'TamilNadu', 6693, 3077233),
('Tiruppur', 'TamilNadu', 5187, 2479052),
('Tiruvannamalai', 'TamilNadu', 6188, 2464875),
('Tonk', 'Rajasthan', 7194, 1421326),
('Tuensang', 'Nagaland', 2536, 196596),
('Tumkur', 'Karnataka', 10597, 2678980),
('Udaipur', 'Rajasthan', 11724, 3068420),
('Udalguri', 'Assam', 2012, 831668),
('UdhamSinghNagar', 'Uttarakhand', 2542, 1648902),
('Udhampur', 'JammuandKashmir', 2637, 554985),
('Udupi', 'Karnataka', 3582, 1177361),
('Ujjain', 'MadhyaPradesh', 6091, 1986864),
('Ukhrul', 'Manipur', 4544, 183998),
('Umaria', 'MadhyaPradesh', 4076, 644758),
('Una', 'HimachalPradesh', 1540, 521173),
('Unnao', 'UttarPradesh', 4558, 3108367),
('UpperSiang', 'ArunachalPradesh', 6590, 35320),
('UpperSubansiri', 'ArunachalPradesh', 7032, 83448),
('UttarDinajpur', 'WestBengal', 3140, 3007134),
('UttaraKannada', 'Karnataka', 10277, 1437169),
('Uttarkashi', 'Uttarakhand', 8016, 330086),
('Vadodara', 'Gujarat', 7546, 4165626),
('Vaishali', 'Bihar', 2036, 3495021),
('Valsad', 'Gujarat', 3008, 1705678),
('Varanasi', 'UttarPradesh', 1535, 3676841),
('Vellore', 'TamilNadu', 6075, 3936331),
('Vidisha', 'MadhyaPradesh', 7371, 1458875),
('Viluppuram', 'TamilNadu', 7194, 3458873),
('Virudhunagar', 'TamilNadu', 4241, 1942288),
('Visakhapatnam', 'AndhraPradesh', 11161, 4290589),
('Vizianagaram', 'AndhraPradesh', 6539, 2344474),
('Warangal', 'AndhraPradesh', 12846, 3512576),
('Wardha', 'Maharashtra', 6309, 1300774),
('Washim', 'Maharashtra', 4898, 1197160),
('Wayanad', 'Kerala', 2130, 817420),
('West', '#N/A', 130, 2543243),
('WestDistrict', '#N/A', 1166, 136435),
('WestGaroHills', 'Meghalaya', 3677, 643291),
('WestGodavari', 'AndhraPradesh', 7742, 3936966),
('WestKameng', 'ArunachalPradesh', 7422, 83947),
('WestKhasiHills', 'Meghalaya', 5247, 383461),
('WestSiang', 'ArunachalPradesh', 8325, 112274),
('WestTripura', 'Tripura', 2993, 1725739),
('Wokha', 'Nagaland', 1628, 166343),
('Yadgir', 'Karnataka', 5270, 1174271),
('Yamunanagar', 'Haryana', 1768, 1214205),
('Yanam', 'Puducherry', 30, 55626),
('Yavatmal', 'Maharashtra', 13582, 2772348),
('YSR', 'AndhraPradesh', 15359, 2882469),
('Zunheboto', 'Nagaland', 1255, 140757),
('Zunheboto', 'Nagaland', 1255, 140757);

-- --------------------------------------------------------

--
-- Table structure for table `topstates`
--

CREATE TABLE `topstates` (
  `state` varchar(27) DEFAULT NULL,
  `topstate` float DEFAULT NULL
) ENGINE=InnoDB DEFAULT CHARSET=utf8mb4;

--
-- Dumping data for table `topstates`
--

INSERT INTO `topstates` (`state`, `topstate`) VALUES
('Kerala', 94),
('Lakshadweep', 92),
('Mizoram', 89),
('Goa', 89),
('Delhi', 87),
('Puducherry', 87),
('Tripura', 87),
('Chandigarh', 86),
('Daman and Diu', 86),
('Andaman And Nicobar Islands', 84),
('Himachal Pradesh', 82),
('Maharashtra', 81),
('Sikkim', 80),
('Uttarakhand', 80),
('Tamil Nadu', 79),
('Nagaland', 78),
('Dadra and Nagar Haveli', 76),
('Gujarat', 76),
('Manipur', 76),
('Punjab', 75),
('Haryana', 75),
('West Bengal', 75),
('Karnataka', 74),
('Meghalaya', 73),
('Assam', 72),
('Orissa', 71),
('Madhya Pradesh', 68),
('Uttar Pradesh', 68),
('Andhra Pradesh', 66),
('Chhattisgarh', 66),
('Jharkhand', 65),
('Rajasthan', 65),
('Jammu and Kashmir', 65),
('Arunachal Pradesh', 64),
('Bihar', 62);
COMMIT;

/*!40101 SET CHARACTER_SET_CLIENT=@OLD_CHARACTER_SET_CLIENT */;
/*!40101 SET CHARACTER_SET_RESULTS=@OLD_CHARACTER_SET_RESULTS */;
/*!40101 SET COLLATION_CONNECTION=@OLD_COLLATION_CONNECTION */;
